<?xml version="1.0" encoding="UTF-8"?>

<DBMetaData driverMajorVersion="10" driverMinorVersion="5" driverVersion="10.5.3.0 - (802917)" productVersion="10.5.3.0 - (802917)" identifierQuoteString="&quot;" transactionLevel="Read Committed" driverName="Apache Derby Network Client JDBC Driver" productName="Apache Derby">
  <Schema name="APP"/>
  <Schema name="NULLID"/>
  <Schema name="SQLJ"/>
  <Schema name="SYSCAT"/>
  <Schema name="SYSCS_DIAG"/>
  <Schema name="SYSCS_UTIL"/>
  <Schema name="SYSFUN"/>
  <Schema name="SYSPROC"/>
  <Schema name="SYSSTAT"/>
  <Table schema="APP" ignoreIndexes="false" name="ACTIVITYINSTANCE" type="TABLE" refreshed="true">
    <Column sqlTypeId="4" indexed="unknown" autoIncrement="false" type="INTEGER" size="10" decimalDigits="0" name="OID" primaryKey="true" notNull="true"/>
    <Column sqlTypeId="12" indexed="unknown" autoIncrement="false" type="VARCHAR" size="255" decimalDigits="0" name="NAME" primaryKey="false" notNull="false"/>
    <Column sqlTypeId="12" indexed="unknown" autoIncrement="false" type="VARCHAR" size="255" decimalDigits="0" name="EVENTID" primaryKey="false" notNull="false"/>
    <Column sqlTypeId="12" indexed="unknown" autoIncrement="false" type="VARCHAR" size="255" decimalDigits="0" name="STATUS" primaryKey="false" notNull="false"/>
    <Column sqlTypeId="93" indexed="unknown" autoIncrement="false" type="TIMESTAMP" size="26" decimalDigits="6" name="READY_SINCE" primaryKey="false" notNull="false"/>
    <Column sqlTypeId="93" indexed="unknown" autoIncrement="false" type="TIMESTAMP" size="26" decimalDigits="6" name="ACTIVE_SINCE" primaryKey="false" notNull="false"/>
    <Column sqlTypeId="93" indexed="unknown" autoIncrement="false" type="TIMESTAMP" size="26" decimalDigits="6" name="COMPLETED_AT" primaryKey="false" notNull="false"/>
    <Column sqlTypeId="93" indexed="unknown" autoIncrement="false" type="TIMESTAMP" size="26" decimalDigits="6" name="ABORTED_AT" primaryKey="false" notNull="false"/>
    <Column sqlTypeId="93" indexed="unknown" autoIncrement="false" type="TIMESTAMP" size="26" decimalDigits="6" name="CANCELLED_AT" primaryKey="false" notNull="false"/>
    <Column sqlTypeId="93" indexed="unknown" autoIncrement="false" type="TIMESTAMP" size="26" decimalDigits="6" name="WORKED_AT" primaryKey="false" notNull="false"/>
    <Column sqlTypeId="5" indexed="unknown" autoIncrement="false" type="SMALLINT" size="5" decimalDigits="0" name="ROLLBACKABLE" primaryKey="false" notNull="false"/>
    <Column sqlTypeId="12" indexed="unknown" autoIncrement="false" type="VARCHAR" size="255" decimalDigits="0" name="CONTEXT" primaryKey="false" notNull="false"/>
    <Column sqlTypeId="4" indexed="unknown" autoIncrement="false" type="INTEGER" size="10" decimalDigits="0" name="ACTIVITYTYPE_OID" primaryKey="false" notNull="false"/>
    <Column sqlTypeId="4" indexed="unknown" autoIncrement="false" type="INTEGER" size="10" decimalDigits="0" name="PROCESSINSTANCE_OID" primaryKey="false" notNull="false"/>
    <Column sqlTypeId="4" indexed="unknown" autoIncrement="false" type="INTEGER" size="10" decimalDigits="0" name="USER_OID" primaryKey="false" notNull="false"/>
    <Column sqlTypeId="4" indexed="unknown" autoIncrement="false" type="INTEGER" size="10" decimalDigits="0" name="GROUP_OID" primaryKey="false" notNull="false"/>
    <ForeignKey localColumnName="ACTIVITYTYPE_OID" foreignColumnName="OID" name="FK_ACTIVITYTYPE" foreignTableName="ACTIVITYTYPE" foreignSchemaName="APP"/>
    <ForeignKey localColumnName="GROUP_OID" foreignColumnName="OID" name="FK_GROUP_2" foreignTableName="GROUP" foreignSchemaName="APP"/>
    <ForeignKey localColumnName="PROCESSINSTANCE_OID" foreignColumnName="OID" name="FK_PROCESSINSTANCE_2" foreignTableName="PROCESSINSTANCE" foreignSchemaName="APP"/>
    <ForeignKey localColumnName="USER_OID" foreignColumnName="OID" name="FK_USER" foreignTableName="USER" foreignSchemaName="APP"/>
  </Table>
  <Table schema="APP" ignoreIndexes="false" name="ACTIVITYINSTANCE_CANDIDATEUSER" type="TABLE" refreshed="true">
    <Column sqlTypeId="4" indexed="unknown" autoIncrement="false" type="INTEGER" size="10" decimalDigits="0" name="ACTIVITYINSTANCE_OID" primaryKey="true" notNull="true"/>
    <Column sqlTypeId="4" indexed="unknown" autoIncrement="false" type="INTEGER" size="10" decimalDigits="0" name="USER_OID" primaryKey="true" notNull="true"/>
    <ForeignKey localColumnName="ACTIVITYINSTANCE_OID" foreignColumnName="OID" name="FK_ACTIVITYINSTANCE_CANDIDATEU" foreignTableName="ACTIVITYINSTANCE" foreignSchemaName="APP"/>
    <ForeignKey localColumnName="USER_OID" foreignColumnName="OID" name="FK_ACTIVITYINSTANCE_CANDIDAT_2" foreignTableName="USER" foreignSchemaName="APP"/>
  </Table>
  <Table schema="APP" ignoreIndexes="false" name="ACTIVITYTYPE" type="TABLE" refreshed="true">
    <Column sqlTypeId="4" indexed="unknown" autoIncrement="false" type="INTEGER" size="10" decimalDigits="0" name="OID" primaryKey="true" notNull="true"/>
    <Column sqlTypeId="12" indexed="unknown" autoIncrement="false" type="VARCHAR" size="255" decimalDigits="0" name="ID" primaryKey="false" notNull="false"/>
    <Column sqlTypeId="12" indexed="unknown" autoIncrement="false" type="VARCHAR" size="255" decimalDigits="0" name="CODE" primaryKey="false" notNull="false"/>
    <Column sqlTypeId="12" indexed="unknown" autoIncrement="false" type="VARCHAR" size="255" decimalDigits="0" name="NAME" primaryKey="false" notNull="false"/>
    <Column sqlTypeId="12" indexed="unknown" autoIncrement="false" type="VARCHAR" size="255" decimalDigits="0" name="DEFAULT_INSTANCE_NAME" primaryKey="false" notNull="false"/>
    <Column sqlTypeId="2005" indexed="unknown" autoIncrement="false" type="CLOB" size="10000" decimalDigits="0" name="DESCRIPTION" primaryKey="false" notNull="false"/>
    <Column sqlTypeId="12" indexed="unknown" autoIncrement="false" type="VARCHAR" size="255" decimalDigits="0" name="TYPE" primaryKey="false" notNull="false"/>
    <Column sqlTypeId="12" indexed="unknown" autoIncrement="false" type="VARCHAR" size="255" decimalDigits="0" name="EXECUTION" primaryKey="false" notNull="false"/>
    <Column sqlTypeId="8" indexed="unknown" autoIncrement="false" type="DOUBLE" size="52" decimalDigits="0" name="SORT_NUMBER" primaryKey="false" notNull="false"/>
    <Column sqlTypeId="12" indexed="unknown" autoIncrement="false" type="VARCHAR" size="255" decimalDigits="0" name="UUID" primaryKey="false" notNull="false"/>
    <Column sqlTypeId="4" indexed="unknown" autoIncrement="false" type="INTEGER" size="10" decimalDigits="0" name="PROCESS_OID" primaryKey="false" notNull="false"/>
    <ForeignKey localColumnName="PROCESS_OID" foreignColumnName="OID" name="FK_PROCESS_2" foreignTableName="PROCESS" foreignSchemaName="APP"/>
  </Table>
  <Table schema="APP" ignoreIndexes="false" name="ATTACHMENT" type="TABLE" refreshed="true">
    <Column sqlTypeId="4" indexed="unknown" autoIncrement="false" type="INTEGER" size="10" decimalDigits="0" name="OID" primaryKey="true" notNull="true"/>
    <Column sqlTypeId="12" indexed="unknown" autoIncrement="false" type="VARCHAR" size="255" decimalDigits="0" name="FILE" primaryKey="false" notNull="false"/>
    <Column sqlTypeId="12" indexed="unknown" autoIncrement="false" type="VARCHAR" size="255" decimalDigits="0" name="TITLE" primaryKey="false" notNull="false"/>
    <Column sqlTypeId="93" indexed="unknown" autoIncrement="false" type="TIMESTAMP" size="26" decimalDigits="6" name="TIMESTAMP" primaryKey="false" notNull="false"/>
    <Column sqlTypeId="4" indexed="unknown" autoIncrement="false" type="INTEGER" size="10" decimalDigits="0" name="USER_OID" primaryKey="false" notNull="false"/>
    <ForeignKey localColumnName="USER_OID" foreignColumnName="OID" name="FK_USER_3" foreignTableName="USER" foreignSchemaName="APP"/>
  </Table>
  <Table schema="APP" ignoreIndexes="false" name="ATTACHMENT_PROCESSINSTANCE" type="TABLE" refreshed="true">
    <Column sqlTypeId="4" indexed="unknown" autoIncrement="false" type="INTEGER" size="10" decimalDigits="0" name="ATTACHMENT_OID" primaryKey="true" notNull="true"/>
    <Column sqlTypeId="4" indexed="unknown" autoIncrement="false" type="INTEGER" size="10" decimalDigits="0" name="PROCESSINSTANCE_OID" primaryKey="true" notNull="true"/>
    <ForeignKey localColumnName="ATTACHMENT_OID" foreignColumnName="OID" name="FK_ATTACHMENT_PROCESSINSTANCE" foreignTableName="ATTACHMENT" foreignSchemaName="APP"/>
    <ForeignKey localColumnName="PROCESSINSTANCE_OID" foreignColumnName="OID" name="FK_ATTACHMENT_PROCESSINSTANC_2" foreignTableName="PROCESSINSTANCE" foreignSchemaName="APP"/>
  </Table>
  <Table schema="APP" ignoreIndexes="false" name="ESTACIONAMIENTO" type="TABLE" refreshed="true">
    <Column sqlTypeId="4" indexed="unknown" autoIncrement="false" type="INTEGER" size="10" decimalDigits="0" name="OID" primaryKey="true" notNull="true"/>
    <Column sqlTypeId="12" indexed="unknown" autoIncrement="false" type="VARCHAR" size="255" decimalDigits="0" name="CALLE" primaryKey="false" notNull="false"/>
    <Column sqlTypeId="12" indexed="unknown" autoIncrement="false" type="VARCHAR" size="255" decimalDigits="0" name="ZONA" primaryKey="false" notNull="false"/>
    <Column sqlTypeId="12" indexed="unknown" autoIncrement="false" type="VARCHAR" size="255" decimalDigits="0" name="MATRICULA" primaryKey="false" notNull="false"/>
    <Column sqlTypeId="4" indexed="unknown" autoIncrement="false" type="INTEGER" size="10" decimalDigits="0" name="TIEMPO" primaryKey="false" notNull="false"/>
    <Column sqlTypeId="12" indexed="unknown" autoIncrement="false" type="VARCHAR" size="255" decimalDigits="0" name="FORMA_DE_PAGO" primaryKey="false" notNull="false"/>
    <Column sqlTypeId="2" indexed="unknown" autoIncrement="false" type="NUMERIC" size="19" decimalDigits="2" name="PRECIO" primaryKey="false" notNull="false"/>
    <Column sqlTypeId="5" indexed="unknown" autoIncrement="false" type="SMALLINT" size="5" decimalDigits="0" name="AVISO_FINAL_ESTACIONAMIENTO" primaryKey="false" notNull="false"/>
    <Column sqlTypeId="5" indexed="unknown" autoIncrement="false" type="SMALLINT" size="5" decimalDigits="0" name="HAY_FORMA_DE_PAGO" primaryKey="false" notNull="false"/>
  </Table>
  <Table schema="APP" ignoreIndexes="false" name="GROUP" type="TABLE" refreshed="true">
    <Column sqlTypeId="4" indexed="unknown" autoIncrement="false" type="INTEGER" size="10" decimalDigits="0" name="OID" primaryKey="true" notNull="true"/>
    <Column sqlTypeId="12" indexed="unknown" autoIncrement="false" type="VARCHAR" size="255" decimalDigits="0" name="GROUPNAME" primaryKey="false" notNull="false"/>
    <Column sqlTypeId="4" indexed="unknown" autoIncrement="false" type="INTEGER" size="10" decimalDigits="0" name="MODULE_OID" primaryKey="false" notNull="false"/>
    <ForeignKey localColumnName="MODULE_OID" foreignColumnName="OID" name="FK_MODULE" foreignTableName="MODULE" foreignSchemaName="APP"/>
  </Table>
  <Table schema="APP" ignoreIndexes="false" name="GROUP_ACTIVITYTYPE" type="TABLE" refreshed="true">
    <Column sqlTypeId="4" indexed="unknown" autoIncrement="false" type="INTEGER" size="10" decimalDigits="0" name="GROUP_OID" primaryKey="true" notNull="true"/>
    <Column sqlTypeId="4" indexed="unknown" autoIncrement="false" type="INTEGER" size="10" decimalDigits="0" name="ACTIVITYTYPE_OID" primaryKey="true" notNull="true"/>
    <ForeignKey localColumnName="ACTIVITYTYPE_OID" foreignColumnName="OID" name="FK_GROUP_ACTIVITYTYPE_ACTIVITY" foreignTableName="ACTIVITYTYPE" foreignSchemaName="APP"/>
    <ForeignKey localColumnName="GROUP_OID" foreignColumnName="OID" name="FK_GROUP_ACTIVITYTYPE_GROUP" foreignTableName="GROUP" foreignSchemaName="APP"/>
  </Table>
  <Table schema="APP" ignoreIndexes="false" name="GROUP_MODULE" type="TABLE" refreshed="true">
    <Column sqlTypeId="4" indexed="unknown" autoIncrement="false" type="INTEGER" size="10" decimalDigits="0" name="GROUP_OID" primaryKey="true" notNull="true"/>
    <Column sqlTypeId="4" indexed="unknown" autoIncrement="false" type="INTEGER" size="10" decimalDigits="0" name="MODULE_OID" primaryKey="true" notNull="true"/>
    <ForeignKey localColumnName="GROUP_OID" foreignColumnName="OID" name="FK_GROUP_MODULE_GROUP" foreignTableName="GROUP" foreignSchemaName="APP"/>
    <ForeignKey localColumnName="MODULE_OID" foreignColumnName="OID" name="FK_GROUP_MODULE_MODULE" foreignTableName="MODULE" foreignSchemaName="APP"/>
  </Table>
  <Table schema="APP" ignoreIndexes="false" name="LOCK" type="TABLE" refreshed="true">
    <Column sqlTypeId="12" indexed="unknown" autoIncrement="false" type="VARCHAR" size="255" decimalDigits="0" name="LOCKNAME" primaryKey="true" notNull="true"/>
    <Column sqlTypeId="93" indexed="unknown" autoIncrement="false" type="TIMESTAMP" size="26" decimalDigits="6" name="TIMESTAMP" primaryKey="false" notNull="false"/>
  </Table>
  <Table schema="APP" ignoreIndexes="false" name="MODULE" type="TABLE" refreshed="true">
    <Column sqlTypeId="4" indexed="unknown" autoIncrement="false" type="INTEGER" size="10" decimalDigits="0" name="OID" primaryKey="true" notNull="true"/>
    <Column sqlTypeId="12" indexed="unknown" autoIncrement="false" type="VARCHAR" size="255" decimalDigits="0" name="MODULEID" primaryKey="false" notNull="false"/>
    <Column sqlTypeId="12" indexed="unknown" autoIncrement="false" type="VARCHAR" size="255" decimalDigits="0" name="MODULENAME" primaryKey="false" notNull="false"/>
    <Column sqlTypeId="12" indexed="unknown" autoIncrement="false" type="VARCHAR" size="255" decimalDigits="0" name="MODULEDOMAINNAME" primaryKey="false" notNull="false"/>
  </Table>
  <Table schema="APP" ignoreIndexes="false" name="NOTE" type="TABLE" refreshed="true">
    <Column sqlTypeId="4" indexed="unknown" autoIncrement="false" type="INTEGER" size="10" decimalDigits="0" name="OID" primaryKey="true" notNull="true"/>
    <Column sqlTypeId="2005" indexed="unknown" autoIncrement="false" type="CLOB" size="10000" decimalDigits="0" name="TEXT" primaryKey="false" notNull="false"/>
    <Column sqlTypeId="93" indexed="unknown" autoIncrement="false" type="TIMESTAMP" size="26" decimalDigits="6" name="TIMESTAMP" primaryKey="false" notNull="false"/>
    <Column sqlTypeId="4" indexed="unknown" autoIncrement="false" type="INTEGER" size="10" decimalDigits="0" name="ACTIVITYINSTANCE_OID" primaryKey="false" notNull="false"/>
    <Column sqlTypeId="4" indexed="unknown" autoIncrement="false" type="INTEGER" size="10" decimalDigits="0" name="USER_OID" primaryKey="false" notNull="false"/>
    <ForeignKey localColumnName="ACTIVITYINSTANCE_OID" foreignColumnName="OID" name="FK_ACTIVITYINSTANCE_3" foreignTableName="ACTIVITYINSTANCE" foreignSchemaName="APP"/>
    <ForeignKey localColumnName="USER_OID" foreignColumnName="OID" name="FK_USER_2" foreignTableName="USER" foreignSchemaName="APP"/>
  </Table>
  <Table schema="APP" ignoreIndexes="false" name="NOTE_ACTIVITYINSTANCE" type="TABLE" refreshed="true">
    <Column sqlTypeId="4" indexed="unknown" autoIncrement="false" type="INTEGER" size="10" decimalDigits="0" name="NOTE_OID" primaryKey="true" notNull="true"/>
    <Column sqlTypeId="4" indexed="unknown" autoIncrement="false" type="INTEGER" size="10" decimalDigits="0" name="ACTIVITYINSTANCE_OID" primaryKey="true" notNull="true"/>
    <ForeignKey localColumnName="ACTIVITYINSTANCE_OID" foreignColumnName="OID" name="FK_NOTE_ACTIVITYINSTANCE_ACTIV" foreignTableName="ACTIVITYINSTANCE" foreignSchemaName="APP"/>
    <ForeignKey localColumnName="NOTE_OID" foreignColumnName="OID" name="FK_NOTE_ACTIVITYINSTANCE_NOTE" foreignTableName="NOTE" foreignSchemaName="APP"/>
  </Table>
  <Table schema="APP" ignoreIndexes="false" name="NOTE_PROCESSINSTANCE" type="TABLE" refreshed="true">
    <Column sqlTypeId="4" indexed="unknown" autoIncrement="false" type="INTEGER" size="10" decimalDigits="0" name="NOTE_OID" primaryKey="true" notNull="true"/>
    <Column sqlTypeId="4" indexed="unknown" autoIncrement="false" type="INTEGER" size="10" decimalDigits="0" name="PROCESSINSTANCE_OID" primaryKey="true" notNull="true"/>
    <ForeignKey localColumnName="NOTE_OID" foreignColumnName="OID" name="FK_NOTE_PROCESSINSTANCE_NOTE" foreignTableName="NOTE" foreignSchemaName="APP"/>
    <ForeignKey localColumnName="PROCESSINSTANCE_OID" foreignColumnName="OID" name="FK_NOTE_PROCESSINSTANCE_PROCES" foreignTableName="PROCESSINSTANCE" foreignSchemaName="APP"/>
  </Table>
  <Table schema="APP" ignoreIndexes="false" name="NOTIFICATION" type="TABLE" refreshed="true">
    <Column sqlTypeId="4" indexed="unknown" autoIncrement="false" type="INTEGER" size="10" decimalDigits="0" name="OID" primaryKey="true" notNull="true"/>
    <Column sqlTypeId="12" indexed="unknown" autoIncrement="false" type="VARCHAR" size="255" decimalDigits="0" name="MESSAGE" primaryKey="false" notNull="false"/>
    <Column sqlTypeId="5" indexed="unknown" autoIncrement="false" type="SMALLINT" size="5" decimalDigits="0" name="READ" primaryKey="false" notNull="false"/>
    <Column sqlTypeId="4" indexed="unknown" autoIncrement="false" type="INTEGER" size="10" decimalDigits="0" name="ACTIVITYINSTANCE_OID" primaryKey="false" notNull="false"/>
    <ForeignKey localColumnName="ACTIVITYINSTANCE_OID" foreignColumnName="OID" name="FK_ACTIVITYINSTANCE_2" foreignTableName="ACTIVITYINSTANCE" foreignSchemaName="APP"/>
  </Table>
  <Table schema="APP" ignoreIndexes="false" name="PAGO" type="TABLE" refreshed="true">
    <Column sqlTypeId="4" indexed="unknown" autoIncrement="false" type="INTEGER" size="10" decimalDigits="0" name="OID" primaryKey="true" notNull="true"/>
    <Column sqlTypeId="12" indexed="unknown" autoIncrement="false" type="VARCHAR" size="255" decimalDigits="0" name="NUMERO_DE_TARJETA" primaryKey="false" notNull="false"/>
    <Column sqlTypeId="91" indexed="unknown" autoIncrement="false" type="DATE" size="10" decimalDigits="0" name="CADUCIDAD" primaryKey="false" notNull="false"/>
    <Column sqlTypeId="4" indexed="unknown" autoIncrement="false" type="INTEGER" size="10" decimalDigits="0" name="NUMERO_SECRETO" primaryKey="false" notNull="false"/>
    <Column sqlTypeId="12" indexed="unknown" autoIncrement="false" type="VARCHAR" size="255" decimalDigits="0" name="USUARIO" primaryKey="false" notNull="false"/>
    <Column sqlTypeId="12" indexed="unknown" autoIncrement="false" type="VARCHAR" size="255" decimalDigits="0" name="CONTRASE_A" primaryKey="false" notNull="false"/>
    <Column sqlTypeId="12" indexed="unknown" autoIncrement="false" type="VARCHAR" size="255" decimalDigits="0" name="NUMERO_DE_TELEFONO" primaryKey="false" notNull="false"/>
    <Column sqlTypeId="5" indexed="unknown" autoIncrement="false" type="SMALLINT" size="5" decimalDigits="0" name="CORRECTO" primaryKey="false" notNull="false"/>
  </Table>
  <Table schema="APP" ignoreIndexes="false" name="PARAMETERINSTANCE" type="TABLE" refreshed="true">
    <Column sqlTypeId="4" indexed="unknown" autoIncrement="false" type="INTEGER" size="10" decimalDigits="0" name="OID" primaryKey="true" notNull="true"/>
    <Column sqlTypeId="12" indexed="unknown" autoIncrement="false" type="VARCHAR" size="255" decimalDigits="0" name="VALUE" primaryKey="false" notNull="false"/>
    <Column sqlTypeId="5" indexed="unknown" autoIncrement="false" type="SMALLINT" size="5" decimalDigits="0" name="CURRENT" primaryKey="false" notNull="false"/>
    <Column sqlTypeId="93" indexed="unknown" autoIncrement="false" type="TIMESTAMP" size="26" decimalDigits="6" name="TIMESTAMP" primaryKey="false" notNull="false"/>
    <Column sqlTypeId="4" indexed="unknown" autoIncrement="false" type="INTEGER" size="10" decimalDigits="0" name="PARAMETERTYPE_OID" primaryKey="false" notNull="false"/>
    <Column sqlTypeId="4" indexed="unknown" autoIncrement="false" type="INTEGER" size="10" decimalDigits="0" name="PROCESSINSTANCE_OID" primaryKey="false" notNull="false"/>
    <Column sqlTypeId="4" indexed="unknown" autoIncrement="false" type="INTEGER" size="10" decimalDigits="0" name="ACTIVITYINSTANCE_OID" primaryKey="false" notNull="false"/>
    <ForeignKey localColumnName="ACTIVITYINSTANCE_OID" foreignColumnName="OID" name="FK_PARAMETERINSTANCE_4" foreignTableName="ACTIVITYINSTANCE" foreignSchemaName="APP"/>
    <ForeignKey localColumnName="PARAMETERTYPE_OID" foreignColumnName="OID" name="FK_PARAMETERTYPE" foreignTableName="PARAMETERTYPE" foreignSchemaName="APP"/>
    <ForeignKey localColumnName="PROCESSINSTANCE_OID" foreignColumnName="OID" name="FK_PROCESSINSTANCE_3" foreignTableName="PROCESSINSTANCE" foreignSchemaName="APP"/>
  </Table>
  <Table schema="APP" ignoreIndexes="false" name="PARAMETERTYPE" type="TABLE" refreshed="true">
    <Column sqlTypeId="4" indexed="unknown" autoIncrement="false" type="INTEGER" size="10" decimalDigits="0" name="OID" primaryKey="true" notNull="true"/>
    <Column sqlTypeId="12" indexed="unknown" autoIncrement="false" type="VARCHAR" size="255" decimalDigits="0" name="NAME" primaryKey="false" notNull="false"/>
    <Column sqlTypeId="12" indexed="unknown" autoIncrement="false" type="VARCHAR" size="255" decimalDigits="0" name="DESCRIPTION" primaryKey="false" notNull="false"/>
    <Column sqlTypeId="12" indexed="unknown" autoIncrement="false" type="VARCHAR" size="255" decimalDigits="0" name="TYPE" primaryKey="false" notNull="false"/>
    <Column sqlTypeId="4" indexed="unknown" autoIncrement="false" type="INTEGER" size="10" decimalDigits="0" name="PROCESS_OID" primaryKey="false" notNull="false"/>
    <ForeignKey localColumnName="PROCESS_OID" foreignColumnName="OID" name="FK_PROCESS_3" foreignTableName="PROCESS" foreignSchemaName="APP"/>
  </Table>
  <Table schema="APP" ignoreIndexes="false" name="PREVIOUSACTIVITYINSTANCE_NEXTA" type="TABLE" refreshed="true">
    <Column sqlTypeId="4" indexed="unknown" autoIncrement="false" type="INTEGER" size="10" decimalDigits="0" name="ACTIVITYINSTANCE_OID" primaryKey="true" notNull="true"/>
    <Column sqlTypeId="4" indexed="unknown" autoIncrement="false" type="INTEGER" size="10" decimalDigits="0" name="ACTIVITYINSTANCE_OID_2" primaryKey="true" notNull="true"/>
    <ForeignKey localColumnName="ACTIVITYINSTANCE_OID_2" foreignColumnName="OID" name="FK_PREVIOUSACTIVITYINSTANCE_2" foreignTableName="ACTIVITYINSTANCE" foreignSchemaName="APP"/>
    <ForeignKey localColumnName="ACTIVITYINSTANCE_OID" foreignColumnName="OID" name="FK_PREVIOUSACTIVITYINSTANCE_NE" foreignTableName="ACTIVITYINSTANCE" foreignSchemaName="APP"/>
  </Table>
  <Table schema="APP" ignoreIndexes="false" name="PROCESS" type="TABLE" refreshed="true">
    <Column sqlTypeId="4" indexed="unknown" autoIncrement="false" type="INTEGER" size="10" decimalDigits="0" name="OID" primaryKey="true" notNull="true"/>
    <Column sqlTypeId="12" indexed="unknown" autoIncrement="false" type="VARCHAR" size="255" decimalDigits="0" name="CODE" primaryKey="false" notNull="false"/>
    <Column sqlTypeId="12" indexed="unknown" autoIncrement="false" type="VARCHAR" size="255" decimalDigits="0" name="NAME" primaryKey="false" notNull="false"/>
    <Column sqlTypeId="12" indexed="unknown" autoIncrement="false" type="VARCHAR" size="255" decimalDigits="0" name="DEFAULT_INSTANCE_NAME" primaryKey="false" notNull="false"/>
    <Column sqlTypeId="2005" indexed="unknown" autoIncrement="false" type="CLOB" size="10000" decimalDigits="0" name="DESCRIPTION" primaryKey="false" notNull="false"/>
    <Column sqlTypeId="12" indexed="unknown" autoIncrement="false" type="VARCHAR" size="255" decimalDigits="0" name="UUID" primaryKey="false" notNull="false"/>
    <Column sqlTypeId="12" indexed="unknown" autoIncrement="false" type="VARCHAR" size="255" decimalDigits="0" name="VERSION" primaryKey="false" notNull="false"/>
  </Table>
  <Table schema="APP" ignoreIndexes="false" name="PROCESSINSTANCE" type="TABLE" refreshed="true">
    <Column sqlTypeId="4" indexed="unknown" autoIncrement="false" type="INTEGER" size="10" decimalDigits="0" name="OID" primaryKey="true" notNull="true"/>
    <Column sqlTypeId="12" indexed="unknown" autoIncrement="false" type="VARCHAR" size="255" decimalDigits="0" name="NAME" primaryKey="false" notNull="false"/>
    <Column sqlTypeId="4" indexed="unknown" autoIncrement="false" type="INTEGER" size="10" decimalDigits="0" name="SUBPROCESSINDEX" primaryKey="false" notNull="false"/>
    <Column sqlTypeId="12" indexed="unknown" autoIncrement="false" type="VARCHAR" size="255" decimalDigits="0" name="STATUS" primaryKey="false" notNull="false"/>
    <Column sqlTypeId="93" indexed="unknown" autoIncrement="false" type="TIMESTAMP" size="26" decimalDigits="6" name="ACTIVE_SINCE" primaryKey="false" notNull="false"/>
    <Column sqlTypeId="93" indexed="unknown" autoIncrement="false" type="TIMESTAMP" size="26" decimalDigits="6" name="COMPLETED_AT" primaryKey="false" notNull="false"/>
    <Column sqlTypeId="93" indexed="unknown" autoIncrement="false" type="TIMESTAMP" size="26" decimalDigits="6" name="CANCELLED_AT" primaryKey="false" notNull="false"/>
    <Column sqlTypeId="93" indexed="unknown" autoIncrement="false" type="TIMESTAMP" size="26" decimalDigits="6" name="ABORTED_AT" primaryKey="false" notNull="false"/>
    <Column sqlTypeId="4" indexed="unknown" autoIncrement="false" type="INTEGER" size="10" decimalDigits="0" name="PROCESS_OID" primaryKey="false" notNull="false"/>
    <Column sqlTypeId="4" indexed="unknown" autoIncrement="false" type="INTEGER" size="10" decimalDigits="0" name="PROCESSINSTANCE_OID" primaryKey="false" notNull="false"/>
    <ForeignKey localColumnName="PROCESS_OID" foreignColumnName="OID" name="FK_PROCESS" foreignTableName="PROCESS" foreignSchemaName="APP"/>
    <ForeignKey localColumnName="PROCESSINSTANCE_OID" foreignColumnName="OID" name="FK_PROCESSINSTANCE_4" foreignTableName="PROCESSINSTANCE" foreignSchemaName="APP"/>
  </Table>
  <Table schema="APP" ignoreIndexes="false" name="SEQUENCEFLOW" type="TABLE" refreshed="true">
    <Column sqlTypeId="4" indexed="unknown" autoIncrement="false" type="INTEGER" size="10" decimalDigits="0" name="OID" primaryKey="true" notNull="true"/>
    <Column sqlTypeId="12" indexed="unknown" autoIncrement="false" type="VARCHAR" size="255" decimalDigits="0" name="LABEL" primaryKey="false" notNull="false"/>
    <Column sqlTypeId="12" indexed="unknown" autoIncrement="false" type="VARCHAR" size="255" decimalDigits="0" name="CONDITION" primaryKey="false" notNull="false"/>
    <Column sqlTypeId="5" indexed="unknown" autoIncrement="false" type="SMALLINT" size="5" decimalDigits="0" name="DEFAULT" primaryKey="false" notNull="false"/>
    <Column sqlTypeId="8" indexed="unknown" autoIncrement="false" type="DOUBLE" size="52" decimalDigits="0" name="SORT_NUMBER" primaryKey="false" notNull="false"/>
    <Column sqlTypeId="4" indexed="unknown" autoIncrement="false" type="INTEGER" size="10" decimalDigits="0" name="ACTIVITYTYPE_OID" primaryKey="false" notNull="false"/>
    <Column sqlTypeId="4" indexed="unknown" autoIncrement="false" type="INTEGER" size="10" decimalDigits="0" name="ACTIVITYTYPE_OID_2" primaryKey="false" notNull="false"/>
    <ForeignKey localColumnName="ACTIVITYTYPE_OID_2" foreignColumnName="OID" name="FK_ACTIVITYTYPE_3" foreignTableName="ACTIVITYTYPE" foreignSchemaName="APP"/>
    <ForeignKey localColumnName="ACTIVITYTYPE_OID" foreignColumnName="OID" name="FK_ACTIVITYTYPE_2" foreignTableName="ACTIVITYTYPE" foreignSchemaName="APP"/>
  </Table>
  <Table schema="APP" ignoreIndexes="false" name="USER" type="TABLE" refreshed="true">
    <Column sqlTypeId="4" indexed="unknown" autoIncrement="false" type="INTEGER" size="10" decimalDigits="0" name="OID" primaryKey="true" notNull="true"/>
    <Column sqlTypeId="12" indexed="unknown" autoIncrement="false" type="VARCHAR" size="255" decimalDigits="0" name="USERNAME" primaryKey="false" notNull="false"/>
    <Column sqlTypeId="12" indexed="unknown" autoIncrement="false" type="VARCHAR" size="255" decimalDigits="0" name="PASSWORD" primaryKey="false" notNull="false"/>
    <Column sqlTypeId="12" indexed="unknown" autoIncrement="false" type="VARCHAR" size="255" decimalDigits="0" name="EMAIL" primaryKey="false" notNull="false"/>
    <Column sqlTypeId="4" indexed="unknown" autoIncrement="false" type="INTEGER" size="10" decimalDigits="0" name="GROUP_OID" primaryKey="false" notNull="false"/>
    <ForeignKey localColumnName="GROUP_OID" foreignColumnName="OID" name="FK_GROUP" foreignTableName="GROUP" foreignSchemaName="APP"/>
  </Table>
  <Table schema="APP" ignoreIndexes="false" name="USER_GROUP" type="TABLE" refreshed="true">
    <Column sqlTypeId="4" indexed="unknown" autoIncrement="false" type="INTEGER" size="10" decimalDigits="0" name="USER_OID" primaryKey="true" notNull="true"/>
    <Column sqlTypeId="4" indexed="unknown" autoIncrement="false" type="INTEGER" size="10" decimalDigits="0" name="GROUP_OID" primaryKey="true" notNull="true"/>
    <ForeignKey localColumnName="GROUP_OID" foreignColumnName="OID" name="FK_USER_GROUP_GROUP" foreignTableName="GROUP" foreignSchemaName="APP"/>
    <ForeignKey localColumnName="USER_OID" foreignColumnName="OID" name="FK_USER_GROUP_USER" foreignTableName="USER" foreignSchemaName="APP"/>
  </Table>
  <Table schema="APP" ignoreIndexes="false" name="USER_NOTIFICATIONS" type="TABLE" refreshed="true">
    <Column sqlTypeId="4" indexed="unknown" autoIncrement="false" type="INTEGER" size="10" decimalDigits="0" name="USER_OID" primaryKey="true" notNull="true"/>
    <Column sqlTypeId="4" indexed="unknown" autoIncrement="false" type="INTEGER" size="10" decimalDigits="0" name="NOTIFICATION_OID" primaryKey="true" notNull="true"/>
    <ForeignKey localColumnName="NOTIFICATION_OID" foreignColumnName="OID" name="FK_USER_NOTIFICATIONS_NOTIFICA" foreignTableName="NOTIFICATION" foreignSchemaName="APP"/>
    <ForeignKey localColumnName="USER_OID" foreignColumnName="OID" name="FK_USER_NOTIFICATIONS_USER" foreignTableName="USER" foreignSchemaName="APP"/>
  </Table>
  <Table schema="APP" ignoreIndexes="false" name="PROCESSINSTANCE_ATTACHMENT_COU" type="VIEW" refreshed="true">
    <Column sqlTypeId="4" indexed="unknown" autoIncrement="false" type="INTEGER" size="10" decimalDigits="0" name="OID" primaryKey="false" notNull="false"/>
    <Column sqlTypeId="4" indexed="unknown" autoIncrement="false" type="INTEGER" size="10" decimalDigits="0" name="DER_ATTR" primaryKey="false" notNull="false"/>
  </Table>
</DBMetaData>
